{"first-launch": 1778454927.053348, "last-launch": 1778454927.053348, "audit": {}}